{
  "condition": "minecraft:any_of",
  "terms": [
    {
      "condition": "minecraft:entity_properties",
      "entity": "this",
      "predicate": {
        "location": {
          "position": {
            "x": {     
              "max": -1980,
              "min": -1982
            },
            "y": {
              "max": 101,
              "min": 95
            },
            "z": {
              "max": 3039,
              "min": 3037
            }
          }
        }
      }
    }
  ]
}