{
    "condition": "minecraft:any_of",
    "terms": [
      {
        "condition": "minecraft:entity_properties",
        "entity": "this",
        "predicate": {
          "location": {
            "position": {
              "x": {
                "max": 21,
                "min": -9
              },
              "y": {
                "max": 21,
                "min": -2
              },
              "z": {
                "max": 151,
                "min": 127
              }
            }
          }
        }
      }
    ]
  }
