{
  "condition": "minecraft:any_of",
  "terms": [
    {
      "condition": "minecraft:entity_properties",
      "entity": "this",
      "predicate": {
        "location": {
          "position": {
            "x": {
              "max": 964,
              "min": 955
            },
            "y": {
              "max": 100,
              "min": 93
            },
            "z": {
              "max": 1004,
              "min": 998
            }
          }
        }
      }
    },
    {
      "condition": "minecraft:entity_properties",
      "entity": "this",
      "predicate": {
        "location": {
          "position": {
            "x": {
              "max": 924,
              "min": 915
            },
            "y": {
              "max": 130,
              "min": 124
            },
            "z": {
              "max": 1108,
              "min": 1100
            }
          }
        }
      }
    }
  ]
}