{
    "condition": "minecraft:any_of",
    "terms": [
      {
        "condition": "minecraft:entity_properties",
        "entity": "this",
        "predicate": {
          "location": {
            "position": {
              "x": {
                "max": 983,
                "min": 980
              },
              "y": {
                "max": 42,
                "min": 39
              },
              "z": {
                "max": -3012,
                "min": -3019
              }
            }
          }
        }
      }
    ]
  }