{
    "condition": "minecraft:any_of",
    "terms": [
      {
        "condition": "minecraft:entity_properties",
        "entity": "this",
        "predicate": {
          "location": {
            "position": {
              "x": {
                "max": 1016,
                "min": 1012
              },
              "y": {
                "max": 36,
                "min": 33
              },
              "z": {
                "max": -3027,
                "min": -3031
              }
            }
          }
        }
      }
    ]
  }