{
    "condition": "minecraft:any_of",
    "terms": [
      {
        "condition": "minecraft:entity_properties",
        "entity": "this",
        "predicate": {
          "location": {
            "position": {
              "x": {
                "max": 939,
                "min": 936
              },
              "y": {
                "max": 48,
                "min": 44
              },
              "z": {
                "max": -3026,
                "min": -3029
              }
            }
          }
        }
      }
    ]
  }