{
    "condition": "minecraft:any_of",
    "terms": [
      {
        "condition": "minecraft:entity_properties",
        "entity": "this",
        "predicate": {
          "location": {
            "position": {
              "x": {
                "max": 981,
                "min": 977
              },
              "y": {
                "max": 39,
                "min": 35
              },
              "z": {
                "max": -2959,
                "min": -2963
              }
            }
          }
        }
      }
    ]
  }