{
    "condition": "minecraft:any_of",
    "terms": [
      {
        "condition": "minecraft:entity_properties",
        "entity": "this",
        "predicate": {
          "location": {
            "position": {
              "x": {
                "max": 1104,
                "min": 1015
              },
              "y": {
                "max": 177,
                "min": 100
              },
              "z": {
                "max": 1036,
                "min": 958
              }
            }
          }
        }
      }
    ]
  }