{
    "condition": "minecraft:any_of",
    "terms": [
      {
        "condition": "minecraft:entity_properties",
        "entity": "this",
        "predicate": {
          "location": {
            "position": {
              "x": {
                "max": 1015,
                "min": 926
              },
              "y": {
                "max": 169,
                "min": 80
              },
              "z": {
                "max": 1036,
                "min": 958
              }
            }
          }
        }
      }
    ]
  }