{
    "condition": "minecraft:any_of",
    "terms": [
      {
        "condition": "minecraft:entity_properties",
        "entity": "this",
        "predicate": {
          "location": {
            "position": {
              "x": {
                "max": 40,
                "min": -40
              },
              "y": {
                "max": 55,
                "min": -10
              },
              "z": {
                "max": 152,
                "min": -2
              }
            }
          }
        }
      },
      {
        "condition": "minecraft:entity_properties",
        "entity": "this",
        "predicate": {
          "location": {
            "position": {
              "x": {
                "max": 58,
                "min": 4
              },
              "y": {
                "max": 55,
                "min": -10
              },
              "z": {
                "max": 18,
                "min": -32
              }
            }
          }
        }
      }
    ]
  }