{
    "condition": "minecraft:any_of",
    "terms": [
      {
        "condition": "minecraft:entity_properties",
        "entity": "this",
        "predicate": {
          "location": {
            "position": {
              "x": {
                "max": 2045,
                "min": 2017
              },
              "y": {
                "max": 85,
                "min": 77
              },
              "z": {
                "max": -1997,
                "min": -2002
              }
            }
          }
        }
      }
    ]
  }