{
    "condition": "minecraft:any_of",
    "terms": [
      {
        "condition": "minecraft:entity_properties",
        "entity": "this",
        "predicate": {
          "location": {
            "position": {
              "x": {
                "min": 2920,
                "max": 3090
              },
              "y": {
                "min": 101,
                "max": 135
              },
              "z": {
                "min": 870,
                "max": 1065
              }
            }
          }
        }
      }
    ]
  }