{
    "criteria": {
        "any_block_use":{
            "trigger":"item_used_on_block",
            "conditions": {
                "location":[
                    {
                        "condition":"block_state_property",
                        "block":"minecraft:crafting_table"
                    }
                ],
                "player": [
                    {
                        "condition": "entity_properties",
                        "entity": "this",
                        "predicate": {
                            "equipment": {
                                "mainhand":{
                                    "items":["stone_pickaxe"]
                                }
                            }
                        }
                    }
                ]
            }
        }
    }
}