{
  "display": {
    "icon": {
      "id": "minecraft:warped_fungus_on_a_stick",
      "count": 1,
      "components": {
        "minecraft:item_model": "minecraft:misc/popcorn"
      }
    },
    "title": {
      "translate": "mcm.secret.lobby_root.title"
    },
    "description": {
      "translate": "mcm.secret.lobby_root.description"
    },
    "frame": "challenge",
    "show_toast": false,
    "announce_to_chat": false,
    "hidden": false
  },
  "parent": "mcm:root",
  "criteria": {
    "space": {
      "trigger": "minecraft:impossible"
    }
  }
}