{
  "display": {
    "icon": {
      "id": "minecraft:snowball",
      "count": 1,
      "components": {
        "minecraft:item_model": "minecraft:role_items/knife"
      }
    },
    "title": {
      "translate": "mcm.secret.root.title"
    },
    "description": {
      "translate": "mcm.secret.root.description"
    },
    "frame": "challenge",
    "show_toast": false,
    "announce_to_chat": false,
    "hidden": false,
    "background": "minecraft:textures/block/brown_mushroom_block.png"
  },
  "criteria": {
    "space": {
      "trigger": "minecraft:impossible"
    }
  }
}