{
  "condition": "minecraft:any_of",
    "terms": [
      {
        "condition": "minecraft:entity_properties",
        "entity": "this",
        "predicate": {
          "equipment": {
            "mainhand": {
              "items": [
                "minecraft:stick"
              ],
              "components": {
                "minecraft:item_model" : "minecraft:role_items/player_tracker"
              }
            }
          }
        }
      },
      {
        "condition": "minecraft:entity_properties",
        "entity": "this",
        "predicate": {
          "equipment": {
            "offhand": {
              "items": [
                "minecraft:stick"
              ],
              "components": {
                "minecraft:item_model" : "minecraft:role_items/player_tracker"
              }
            }
          }
        }
      }
    ]
  }