{
  "display": {
    "icon": {
      "id": "minecraft:book",
      "count": 1,
      "components" : {
        "minecraft:item_model" : "minecraft:misc/3dbook"
      }
    },
    "title": {
      "translate": "mcm.secret.library.title"
    },
    "description": {
      "translate": "mcm.secret.library.description"
    },
    "frame": "challenge",
    "show_toast": true,
    "announce_to_chat": false,
    "hidden": false
  },
  "parent": "mcm:secrets/library/root",
  "criteria": {
    "space": {
      "trigger": "minecraft:impossible"
    }
  }
}