{
  "condition": "minecraft:value_check",
  "value": {
    "type": "minecraft:score",
    "target": "this",
    "score": "chair_entityUUID",
    "scale": 1
  },
  "range": {
    "min": {
      "type": "minecraft:score",
      "target": {
        "type": "minecraft:fixed",
        "name": "$tempuuid"
      },
      "score": "chair_entityUUID",
      "scale": 1
    },
    "max": {
      "type": "minecraft:score",
      "target": {
        "type": "minecraft:fixed",
        "name": "$tempuuid"
      },
      "score": "chair_entityUUID",
      "scale": 1
    }
  }
}