{
    "criteria":
    {
        "event":
        {
            "trigger": "minecraft:player_hurt_entity",
            "conditions":
            {
                "damage":
                {
                    "source_entity":
                    {
                        "type": "minecraft:player"
                    },
                    "blocked": false
                },
                "entity":
                [
                    {
                        "condition": "minecraft:entity_scores",
                        "entity": "this",
                        "scores":
                        {
                            "entityid":
                            {
                                "min": 1
                            }
                        }
                    }
                ]
            }
        },
        "player_attack":
        {
            "trigger": "minecraft:player_hurt_entity",
            "conditions":
            {
                "damage": 
                {
                    "source_entity":
                    {
                        "type": "minecraft:player"
                    },
                    "blocked": false,
                    "type":
                    {
                        "tags":
                        [
                            {
                                "id": "is_player_attack",
                                "expected": true
                            }
                        ]
                    }
                }
            }
        },
        "ranged":
        {
            "trigger": "minecraft:player_hurt_entity",
            "conditions":
            {
                "damage": 
                {
                    "source_entity":
                    {
                        "type": "minecraft:player"
                    },
                    "blocked": false,
                    "type":
                    {
                        "tags":
                        [
                            {
                                "id": "is_arrow_damage",
                                "expected": true
                            }
                        ]
                    }
                }
            }
        },
        "magic":
        {
            "trigger": "minecraft:player_hurt_entity",
            "conditions":
            {
                "damage": 
                {
                    "source_entity":
                    {
                        "type": "minecraft:player"
                    },
                    "blocked": false,
                    "type":
                    {
                        "tags":
                        [
                            {
                                "id": "is_magic_damage",
                                "expected": true
                            }
                        ]
                    }
                }
            }
        },
        "bit0":
        {
            "trigger": "minecraft:player_hurt_entity",
            "conditions":
            {
                "entity":
                [
                    {
                        "condition": "minecraft:entity_scores",
                        "entity": "this",
                        "scores":
                        {
                            "entityid.0": 1,
                            "entityid":
                            {
                                "min": 1
                            }
                        }
                    }
                ]
            }
        },
        "bit1": 
        {
            "trigger": "minecraft:player_hurt_entity",
            "conditions":
            {
                "entity":
                [
                    {
                        "condition": "minecraft:entity_scores",
                        "entity": "this",
                        "scores":
                        {
                            "entityid.1": 1,
                            "entityid":
                            {
                                "min": 1
                            }
                        }
                    }
                ]
            }
        },
        "bit2":
        {
            "trigger": "minecraft:player_hurt_entity",
            "conditions":
            {
                "entity":
                [
                    {
                        "condition": "minecraft:entity_scores",
                        "entity": "this",
                        "scores":
                        {
                            "entityid.2": 1,
                            "entityid":
                            {
                                "min": 1
                            }
                        }
                    }
                ]
            }
        },
        "bit3":
        {
            "trigger": "minecraft:player_hurt_entity",
            "conditions":
            {
                "entity":
                [
                    {
                        "condition": "minecraft:entity_scores",
                        "entity": "this",
                        "scores":
                        {
                            "entityid.3": 1,
                            "entityid":
                            {
                                "min": 1
                            }
                        }
                    }
                ]
            }
        },
        "bit4":
        {
            "trigger": "minecraft:player_hurt_entity",
            "conditions":
            {
                "entity":
                [
                    {
                        "condition": "minecraft:entity_scores",
                        "entity": "this",
                        "scores":
                        {
                            "entityid.4": 1,
                            "entityid":
                            {
                                "min": 1
                            }
                        }
                    }
                ]
            }
        },
        "bit5":
        {
            "trigger": "minecraft:player_hurt_entity",
            "conditions":
            {
                "entity":
                [
                    {
                        "condition": "minecraft:entity_scores",
                        "entity": "this",
                        "scores":
                        {
                            "entityid.5": 1,
                            "entityid":
                            {
                                "min": 1
                            }
                        }
                    }
                ]
            }
        },
        "bit6":
        {
            "trigger": "minecraft:player_hurt_entity",
            "conditions":
            {
                "entity":
                [
                    {
                        "condition": "minecraft:entity_scores",
                        "entity": "this",
                        "scores":
                        {
                            "entityid.6": 1,
                            "entityid":
                            {
                                "min": 1
                            }
                        }
                    }
                ]
            }
        },
        "bit7":
        {
            "trigger": "minecraft:player_hurt_entity",
            "conditions":
            {
                "entity":
                [
                    {
                        "condition": "minecraft:entity_scores",
                        "entity": "this",
                        "scores":
                        {
                            "entityid.7": 1,
                            "entityid":
                            {
                                "min": 1
                            }
                        }
                    }
                ]
            }
        },
        "bit8":
        {
            "trigger": "minecraft:player_hurt_entity",
            "conditions":
            {
                "entity":
                [
                    {
                        "condition": "minecraft:entity_scores",
                        "entity": "this",
                        "scores":
                        {
                            "entityid.8": 1,
                            "entityid":
                            {
                                "min": 1
                            }
                        }
                    }
                ]
            }
        },
        "bit9":
        {
            "trigger": "minecraft:player_hurt_entity",
            "conditions":
            {
                "entity":
                [
                    {
                        "condition": "minecraft:entity_scores",
                        "entity": "this",
                        "scores":
                        {
                            "entityid.9": 1,
                            "entityid":
                            {
                                "min": 1
                            }
                        }
                    }
                ]
            }
        },
        "bit10":
        {
            "trigger": "minecraft:player_hurt_entity",
            "conditions":
            {
                "entity":
                [
                    {
                        "condition": "minecraft:entity_scores",
                        "entity": "this",
                        "scores":
                        {
                            "entityid.10": 1,
                            "entityid":
                            {
                                "min": 1
                            }
                        }
                    }
                ]
            }
        },
        "bit11":
        {
            "trigger": "minecraft:player_hurt_entity",
            "conditions":
            {
                "entity":
                [
                    {
                        "condition": "minecraft:entity_scores",
                        "entity": "this",
                        "scores":
                        {
                            "entityid.11": 1,
                            "entityid":
                            {
                                "min": 1
                            }
                        }
                    }
                ]
            }
        },
        "bit12": 
        {
            "trigger": "minecraft:player_hurt_entity",
            "conditions":
            {
                "entity":
                [
                    {
                        "condition": "minecraft:entity_scores",
                        "entity": "this",
                        "scores":
                        {
                            "entityid.12": 1,
                            "entityid":
                            {
                                "min": 1
                            }
                        }
                    }
                ]
            }
        },
        "bit13":
        {
            "trigger": "minecraft:player_hurt_entity",
            "conditions":
            {
                "entity":
                [
                    {
                        "condition": "minecraft:entity_scores",
                        "entity": "this",
                        "scores":
                        {
                            "entityid.13": 1,
                            "entityid":
                            {
                                "min": 1
                            }
                        }
                    }
                ]
            }
        },
        "bit14":
        {
            "trigger": "minecraft:player_hurt_entity",
            "conditions":
            {
                "entity":
                [
                    {
                        "condition": "minecraft:entity_scores",
                        "entity": "this",
                        "scores":
                        {
                            "entityid.14": 1,
                            "entityid":
                            {
                                "min": 1
                            }
                        }
                    }
                ]
            }
        },
        "bit15":
        {
            "trigger": "minecraft:player_hurt_entity",
            "conditions":
            {
                "entity":
                [
                    {
                        "condition": "minecraft:entity_scores",
                        "entity": "this",
                        "scores":
                        {
                            "entityid.15": 1,
                            "entityid":
                            {
                                "min": 1
                            }
                        }
                    }
                ]
            }
        },
        "bit16":
        {
            "trigger": "minecraft:player_hurt_entity",
            "conditions":
            {
                "entity":
                [
                    {
                        "condition": "minecraft:entity_scores",
                        "entity": "this",
                        "scores":
                        {
                            "entityid.16": 1,
                            "entityid":
                            {
                                "min": 1
                            }
                        }
                    }
                ]
            }
        },
        "bit17":
        {
            "trigger": "minecraft:player_hurt_entity",
            "conditions":
            {
                "entity":
                [
                    {
                        "condition": "minecraft:entity_scores",
                        "entity": "this",
                        "scores":
                        {
                            "entityid.17": 1,
                            "entityid":
                            {
                                "min": 1
                            }
                        }
                    }
                ]
            }
        },
        "bit18":
        {
            "trigger": "minecraft:player_hurt_entity",
            "conditions":
            {
                "entity":
                [
                    {
                        "condition": "minecraft:entity_scores",
                        "entity": "this",
                        "scores":
                        {
                            "entityid.18": 1,
                            "entityid":
                            {
                                "min": 1
                            }
                        }
                    }
                ]
            }
        },
        "bit19":
        {
            "trigger": "minecraft:player_hurt_entity",
            "conditions":
            {
                "entity":
                [
                    {
                        "condition": "minecraft:entity_scores",
                        "entity": "this",
                        "scores":
                        {
                            "entityid.19": 1,
                            "entityid":
                            {
                                "min": 1
                            }
                        }
                    }
                ]
            }
        },
        "bit20":
        {
            "trigger": "minecraft:player_hurt_entity",
            "conditions":
            {
                "entity":
                [
                    {
                        "condition": "minecraft:entity_scores",
                        "entity": "this",
                        "scores":
                        {
                            "entityid.20": 1,
                            "entityid":
                            {
                                "min": 1
                            }
                        }
                    }
                ]
            }
        },
        "bit21":
        {
            "trigger": "minecraft:player_hurt_entity",
            "conditions":
            {
                "entity":
                [
                    {
                        "condition": "minecraft:entity_scores",
                        "entity": "this",
                        "scores":
                        {
                            "entityid.21": 1,
                            "entityid":
                            {
                                "min": 1
                            }
                        }
                    }
                ]
            }
        },
        "bit22":
        {
            "trigger": "minecraft:player_hurt_entity",
            "conditions":
            {
                "entity":
                [
                    {
                        "condition": "minecraft:entity_scores",
                        "entity": "this",
                        "scores":
                        {
                            "entityid.22": 1,
                            "entityid":
                            {
                                "min": 1
                            }
                        }
                    }
                ]
            }
        },
        "bit23":
        {
            "trigger": "minecraft:player_hurt_entity",
            "conditions":
            {
                "entity":
                [
                    {
                        "condition": "minecraft:entity_scores",
                        "entity": "this",
                        "scores":
                        {
                            "entityid.23": 1,
                            "entityid":
                            {
                                "min": 1
                            }
                        }
                    }
                ]
            }
        },
        "bit24":
        {
            "trigger": "minecraft:player_hurt_entity",
            "conditions":
            {
                "entity":
                [
                    {
                        "condition": "minecraft:entity_scores",
                        "entity": "this",
                        "scores":
                        {
                            "entityid.24": 1,
                            "entityid":
                            {
                                "min": 1
                            }
                        }
                    }
                ]
            }
        },
        "bit25":
        {
            "trigger": "minecraft:player_hurt_entity",
            "conditions":
            {
                "entity":
                [
                    {
                        "condition": "minecraft:entity_scores",
                        "entity": "this",
                        "scores":
                        {
                            "entityid.25": 1,
                            "entityid":
                            {
                                "min": 1
                            }
                        }
                    }
                ]
            }
        },
        "bit26":
        {
            "trigger": "minecraft:player_hurt_entity",
            "conditions":
            {
                "entity":
                [
                    {
                        "condition": "minecraft:entity_scores",
                        "entity": "this",
                        "scores":
                        {
                            "entityid.26": 1,
                            "entityid":
                            {
                                "min": 1
                            }
                        }
                    }
                ]
            }
        },
        "bit27":
        {
            "trigger": "minecraft:player_hurt_entity",
            "conditions":
            {
                "entity":
                [
                    {
                        "condition": "minecraft:entity_scores",
                        "entity": "this",
                        "scores":
                        {
                            "entityid.27": 1,
                            "entityid":
                            {
                                "min": 1
                            }
                        }
                    }
                ]
            }
        },
        "bit28":
        {
            "trigger": "minecraft:player_hurt_entity",
            "conditions":
            {
                "entity":
                [
                    {
                        "condition": "minecraft:entity_scores",
                        "entity": "this",
                        "scores":
                        {
                            "entityid.28": 1,
                            "entityid":
                            {
                                "min": 1
                            }
                        }
                    }
                ]
            }
        },
        "bit29":
        {
            "trigger": "minecraft:player_hurt_entity",
            "conditions":
            {
                "entity":
                [
                    {
                        "condition": "minecraft:entity_scores",
                        "entity": "this",
                        "scores":
                        {
                            "entityid.29": 1,
                            "entityid":
                            {
                                "min": 1
                            }
                        }
                    }
                ]
            }
        },
        "bit30":
        {
            "trigger": "minecraft:player_hurt_entity",
            "conditions":
            {
                "entity":
                [
                    {
                        "condition": "minecraft:entity_scores",
                        "entity": "this",
                        "scores":
                        {
                            "entityid.30": 1,
                            "entityid":
                            {
                                "min": 1
                            }
                        }
                    }
                ]
            }
        },
        "bit31":
        {
            "trigger": "minecraft:player_hurt_entity",
            "conditions":
            {
                "entity":
                [
                    {
                        "condition": "minecraft:entity_scores",
                        "entity": "this",
                        "scores":
                        {
                            "entityid.31": 1,
                            "entityid":
                            {
                                "min": 1
                            }
                        }
                    }
                ]
            }
        },
        "!bit0":
        {
            "trigger": "minecraft:player_hurt_entity",
            "conditions":
            {
                "entity":
                [
                    {
                        "condition": "minecraft:entity_scores",
                        "entity": "this",
                        "scores":
                        {
                            "entityid.0": 0,
                            "entityid":
                            {
                                "min": 1
                            }
                        }
                    }
                ]
            }
        },
        "!bit1":
        {
            "trigger": "minecraft:player_hurt_entity",
            "conditions":
            {
                "entity":
                [
                    {
                        "condition": "minecraft:entity_scores",
                        "entity": "this",
                        "scores":
                        {
                            "entityid.1": 0,
                            "entityid":
                            {
                                "min": 1
                            }
                        }
                    }
                ]
            }
        },
        "!bit2":
        {
            "trigger": "minecraft:player_hurt_entity",
            "conditions":
            {
                "entity":
                [
                    {
                        "condition": "minecraft:entity_scores",
                        "entity": "this",
                        "scores":
                        {
                            "entityid.2": 0,
                            "entityid":
                            {
                                "min": 1
                            }
                        }
                    }
                ]
            }
        },
        "!bit3":
        {
            "trigger": "minecraft:player_hurt_entity",
            "conditions":
            {
                "entity":
                [
                    {
                        "condition": "minecraft:entity_scores",
                        "entity": "this",
                        "scores":
                        {
                            "entityid.3": 0,
                            "entityid":
                            {
                                "min": 1
                            }
                        }
                    }
                ]
            }
        },
        "!bit4":
        {
            "trigger": "minecraft:player_hurt_entity",
            "conditions":
            {
                "entity":
                [
                    {
                        "condition": "minecraft:entity_scores",
                        "entity": "this",
                        "scores":
                        {
                            "entityid.4": 0,
                            "entityid":
                            {
                                "min": 1
                            }
                        }
                    }
                ]
            }
        },
        "!bit5":
        {
            "trigger": "minecraft:player_hurt_entity",
            "conditions":
            {
                "entity":
                [
                    {
                        "condition": "minecraft:entity_scores",
                        "entity": "this",
                        "scores":
                        {
                            "entityid.5": 0,
                            "entityid":
                            {
                                "min": 1
                            }
                        }
                    }
                ]
            }
        },
        "!bit6":
        {
            "trigger": "minecraft:player_hurt_entity",
            "conditions":
            {
                "entity":
                [
                    {
                        "condition": "minecraft:entity_scores",
                        "entity": "this",
                        "scores":
                        {
                            "entityid.6": 0,
                            "entityid":
                            {
                                "min": 1
                            }
                        }
                    }
                ]
            }
        },
        "!bit7":
        {
            "trigger": "minecraft:player_hurt_entity",
            "conditions":
            {
                "entity":
                [
                    {
                        "condition": "minecraft:entity_scores",
                        "entity": "this",
                        "scores":
                        {
                            "entityid.7": 0,
                            "entityid":
                            {
                                "min": 1
                            }
                        }
                    }
                ]
            }
        },
        "!bit8":
        {
            "trigger": "minecraft:player_hurt_entity",
            "conditions":
            {
                "entity":
                [
                    {
                        "condition": "minecraft:entity_scores",
                        "entity": "this",
                        "scores":
                        {
                            "entityid.8": 0,
                            "entityid":
                            {
                                "min": 1
                            }
                        }
                    }
                ]
            }
        },
        "!bit9":
        {
            "trigger": "minecraft:player_hurt_entity",
            "conditions":
            {
                "entity":
                [
                    {
                        "condition": "minecraft:entity_scores",
                        "entity": "this",
                        "scores":
                        {
                            "entityid.9": 0,
                            "entityid":
                            {
                                "min": 1
                            }
                        }
                    }
                ]
            }
        },
        "!bit10":
        {
            "trigger": "minecraft:player_hurt_entity",
            "conditions":
            {
                "entity":
                [
                    {
                        "condition": "minecraft:entity_scores",
                        "entity": "this",
                        "scores":
                        {
                            "entityid.10": 0,
                            "entityid":
                            {
                                "min": 1
                            }
                        }
                    }
                ]
            }
        },
        "!bit11":
        {
            "trigger": "minecraft:player_hurt_entity",
            "conditions":
            {
                "entity":
                [
                    {
                        "condition": "minecraft:entity_scores",
                        "entity": "this",
                        "scores":
                        {
                            "entityid.11": 0,
                            "entityid":
                            {
                                "min": 1
                            }
                        }
                    }
                ]
            }
        },
        "!bit12":
        {
            "trigger": "minecraft:player_hurt_entity",
            "conditions":
            {
                "entity":
                [
                    {
                        "condition": "minecraft:entity_scores",
                        "entity": "this",
                        "scores":
                        {
                            "entityid.12": 0,
                            "entityid":
                            {
                                "min": 1
                            }
                        }
                    }
                ]
            }
        },
        "!bit13":
        {
            "trigger": "minecraft:player_hurt_entity",
            "conditions":
            {
                "entity":
                [
                    {
                        "condition": "minecraft:entity_scores",
                        "entity": "this",
                        "scores":
                        {
                            "entityid.13": 0,
                            "entityid":
                            {
                                "min": 1
                            }
                        }
                    }
                ]
            }
        },
        "!bit14":
        {
            "trigger": "minecraft:player_hurt_entity",
            "conditions":
            {
                "entity":
                [
                    {
                        "condition": "minecraft:entity_scores",
                        "entity": "this",
                        "scores":
                        {
                            "entityid.14": 0,
                            "entityid":
                            {
                                "min": 1
                            }
                        }
                    }
                ]
            }
        },
        "!bit15":
        {
            "trigger": "minecraft:player_hurt_entity",
            "conditions":
            {
                "entity":
                [
                    {
                        "condition": "minecraft:entity_scores",
                        "entity": "this",
                        "scores":
                        {
                            "entityid.15": 0,
                            "entityid":
                            {
                                "min": 1
                            }
                        }
                    }
                ]
            }
        },
        "!bit16":
        {
            "trigger": "minecraft:player_hurt_entity",
            "conditions":
            {
                "entity":
                [
                    {
                        "condition": "minecraft:entity_scores",
                        "entity": "this",
                        "scores":
                        {
                            "entityid.16": 0,
                            "entityid":
                            {
                                "min": 1
                            }
                        }
                    }
                ]
            }
        },
        "!bit17":
        {
            "trigger": "minecraft:player_hurt_entity",
            "conditions":
            {
                "entity":
                [
                    {
                        "condition": "minecraft:entity_scores",
                        "entity": "this",
                        "scores":
                        {
                            "entityid.17": 0,
                            "entityid":
                            {
                                "min": 1
                            }
                        }
                    }
                ]
            }
        },
        "!bit18":
        {
            "trigger": "minecraft:player_hurt_entity",
            "conditions":
            {
                "entity":
                [
                    {
                        "condition": "minecraft:entity_scores",
                        "entity": "this",
                        "scores":
                        {
                            "entityid.18": 0,
                            "entityid":
                            {
                                "min": 1
                            }
                        }
                    }
                ]
            }
        },
        "!bit19":
        {
            "trigger": "minecraft:player_hurt_entity",
            "conditions":
            {
                "entity":
                [
                    {
                        "condition": "minecraft:entity_scores",
                        "entity": "this",
                        "scores":
                        {
                            "entityid.19": 0,
                            "entityid":
                            {
                                "min": 1
                            }
                        }
                    }
                ]
            }
        },
        "!bit20":
        {
            "trigger": "minecraft:player_hurt_entity",
            "conditions":
            {
                "entity":
                [
                    {
                        "condition": "minecraft:entity_scores",
                        "entity": "this",
                        "scores":
                        {
                            "entityid.20": 0,
                            "entityid":
                            {
                                "min": 1
                            }
                        }
                    }
                ]
            }
        },
        "!bit21":
        {
            "trigger": "minecraft:player_hurt_entity",
            "conditions":
            {
                "entity":
                [
                    {
                        "condition": "minecraft:entity_scores",
                        "entity": "this",
                        "scores":
                        {
                            "entityid.21": 0,
                            "entityid":
                            {
                                "min": 1
                            }
                        }
                    }
                ]
            }
        },
        "!bit22":
        {
            "trigger": "minecraft:player_hurt_entity",
            "conditions":
            {
                "entity":
                [
                    {
                        "condition": "minecraft:entity_scores",
                        "entity": "this",
                        "scores":
                        {
                            "entityid.22": 0,
                            "entityid":
                            {
                                "min": 1
                            }
                        }
                    }
                ]
            }
        },
        "!bit23":
        {
            "trigger": "minecraft:player_hurt_entity",
            "conditions":
            {
                "entity":
                [
                    {
                        "condition": "minecraft:entity_scores",
                        "entity": "this",
                        "scores":
                        {
                            "entityid.23": 0,
                            "entityid":
                            {
                                "min": 1
                            }
                        }
                    }
                ]
            }
        },
        "!bit24":
        {
            "trigger": "minecraft:player_hurt_entity",
            "conditions":
            {
                "entity":
                [
                    {
                        "condition": "minecraft:entity_scores",
                        "entity": "this",
                        "scores":
                        {
                            "entityid.24": 0,
                            "entityid":
                            {
                                "min": 1
                            }
                        }
                    }
                ]
            }
        },
        "!bit25":
        {
            "trigger": "minecraft:player_hurt_entity",
            "conditions":
            {
                "entity":
                [
                    {
                        "condition": "minecraft:entity_scores",
                        "entity": "this",
                        "scores":
                        {
                            "entityid.25": 0,
                            "entityid":
                            {
                                "min": 1
                            }
                        }
                    }
                ]
            }
        },
        "!bit26":
        {
            "trigger": "minecraft:player_hurt_entity",
            "conditions":
            {
                "entity":
                [
                    {
                        "condition": "minecraft:entity_scores",
                        "entity": "this",
                        "scores":
                        {
                            "entityid.26": 0,
                            "entityid":
                            {
                                "min": 1
                            }
                        }
                    }
                ]
            }
        },
        "!bit27":
        {
            "trigger": "minecraft:player_hurt_entity",
            "conditions":
            {
                "entity":
                [
                    {
                        "condition": "minecraft:entity_scores",
                        "entity": "this",
                        "scores":
                        {
                            "entityid.27": 0,
                            "entityid":
                            {
                                "min": 1
                            }
                        }
                    }
                ]
            }
        },
        "!bit28":
        {
            "trigger": "minecraft:player_hurt_entity",
            "conditions":
            {
                "entity":
                [
                    {
                        "condition": "minecraft:entity_scores",
                        "entity": "this",
                        "scores":
                        {
                            "entityid.28": 0,
                            "entityid":
                            {
                                "min": 1
                            }
                        }
                    }
                ]
            }
        },
        "!bit29":
        {
            "trigger": "minecraft:player_hurt_entity",
            "conditions":
            {
                "entity":
                [
                    {
                        "condition": "minecraft:entity_scores",
                        "entity": "this",
                        "scores":
                        {
                            "entityid.29": 0,
                            "entityid":
                            {
                                "min": 1
                            }
                        }
                    }
                ]
            }
        },
        "!bit30":
        {
            "trigger": "minecraft:player_hurt_entity",
            "conditions":
            {
                "entity":
                [
                    {
                        "condition": "minecraft:entity_scores",
                        "entity": "this",
                        "scores":
                        {
                            "entityid.30": 0,
                            "entityid":
                            {
                                "min": 1
                            }
                        }
                    }
                ]
            }
        },
        "!bit31":
        {
            "trigger": "minecraft:player_hurt_entity",
            "conditions":
            {
                "entity":
                [
                    {
                        "condition": "minecraft:entity_scores",
                        "entity": "this",
                        "scores":
                        {
                            "entityid.31": 0,
                            "entityid":
                            {
                                "min": 1
                            }
                        }
                    }
                ]
            }
        }
    },
    "requirements":
    [
        [
            "event",
            "player_attack",
            "ranged",
            "magic"
        ],
        [
            "bit0",
            "!bit0"
        ],
        [
            "bit1",
            "!bit1"
        ],
        [
            "bit2",
            "!bit2"
        ],
        [
            "bit3",
            "!bit3"
        ],
        [
            "bit4",
            "!bit4"
        ],
        [
            "bit5",
            "!bit5"
        ],
        [
            "bit6",
            "!bit6"
        ],
        [
            "bit7",
            "!bit7"
        ],
        [
            "bit8",
            "!bit8"
        ],
        [
            "bit9",
            "!bit9"
        ],
        [
            "bit10",
            "!bit10"
        ],
        [
            "bit11",
            "!bit11"
        ],
        [
            "bit12",
            "!bit12"
        ],
        [
            "bit13",
            "!bit13"
        ],
        [
            "bit14",
            "!bit14"
        ],
        [
            "bit15",
            "!bit15"
        ],
        [
            "bit16",
            "!bit16"
        ],
        [
            "bit17",
            "!bit17"
        ],
        [
            "bit18",
            "!bit18"
        ],
        [
            "bit19",
            "!bit19"
        ],
        [
            "bit20",
            "!bit20"
        ],
        [
            "bit21",
            "!bit21"
        ],
        [
            "bit22",
            "!bit22"
        ],
        [
            "bit23",
            "!bit23"
        ],
        [
            "bit24",
            "!bit24"
        ],
        [
            "bit25",
            "!bit25"
        ],
        [
            "bit26",
            "!bit26"
        ],
        [
            "bit27",
            "!bit27"
        ],
        [
            "bit28",
            "!bit28"
        ],
        [
            "bit29",
            "!bit29"
        ],
        [
            "bit30",
            "!bit30"
        ],
        [
            "bit31",
            "!bit31"
        ]
    ],
    "rewards":
    {
        "function": "system:eventlistener/monster_attack/trigger"
    }
}