{
	"credit": "Made with Blockbench",
	"texture_size": [64, 32],
	"textures": {
		"0": "item/dummy_entity/chicken"
	},
	"elements": [
		{
			"name": "head",
			"from": [6, 4.75, 2],
			"to": [10, 10.75, 5],
			"rotation": {"angle": 0, "axis": "y", "origin": [8, -4.25, 8]},
			"faces": {
				"north": {"uv": [0.75, 1.5, 1.75, 4.5], "texture": "#0"},
				"east": {"uv": [0, 1.5, 0.75, 4.5], "texture": "#0"},
				"south": {"uv": [2.5, 1.5, 3.5, 4.5], "texture": "#0"},
				"west": {"uv": [1.75, 1.5, 2.5, 4.5], "texture": "#0"},
				"up": {"uv": [1.75, 1.5, 0.75, 0], "texture": "#0"},
				"down": {"uv": [2.75, 0, 1.75, 1.5], "texture": "#0"}
			}
		},
		{
			"name": "bill",
			"from": [6, 6.75, 0],
			"to": [10, 8.75, 2],
			"rotation": {"angle": 0, "axis": "y", "origin": [8, -4.25, 8]},
			"faces": {
				"north": {"uv": [4, 1, 5, 2], "texture": "#0"},
				"east": {"uv": [3.5, 1, 4, 2], "texture": "#0"},
				"south": {"uv": [5.5, 1, 6.5, 2], "texture": "#0"},
				"west": {"uv": [5, 1, 5.5, 2], "texture": "#0"},
				"up": {"uv": [5, 1, 4, 0], "texture": "#0"},
				"down": {"uv": [6, 0, 5, 1], "texture": "#0"}
			}
		},
		{
			"name": "chin",
			"from": [7, 4.75, 1],
			"to": [9, 6.75, 3],
			"rotation": {"angle": 0, "axis": "y", "origin": [8, -4.25, 8]},
			"faces": {
				"north": {"uv": [4, 3, 4.5, 4], "texture": "#0"},
				"east": {"uv": [3.5, 3, 4, 4], "texture": "#0"},
				"south": {"uv": [5, 3, 5.5, 4], "texture": "#0"},
				"west": {"uv": [4.5, 3, 5, 4], "texture": "#0"},
				"up": {"uv": [4.5, 3, 4, 2], "texture": "#0"},
				"down": {"uv": [5, 2, 4.5, 3], "texture": "#0"}
			}
		},
		{
			"name": "body",
			"from": [5, -0.25, 5],
			"to": [11, 7.75, 11],
			"rotation": {"angle": 0, "axis": "y", "origin": [8, -4.25, 8]},
			"faces": {
				"north": {"uv": [1.5, 7.5, 3, 11.5], "texture": "#0"},
				"east": {"uv": [0, 7.5, 1.5, 11.5], "texture": "#0"},
				"south": {"uv": [4.5, 7.5, 6, 11.5], "texture": "#0"},
				"west": {"uv": [3, 7.5, 4.5, 11.5], "texture": "#0"},
				"up": {"uv": [3, 7.5, 1.5, 4.5], "texture": "#0"},
				"down": {"uv": [4.5, 4.5, 3, 7.5], "texture": "#0"}
			}
		},
		{
			"name": "left_wing",
			"from": [2.5, 2.5, 5],
			"to": [3.5, 6.5, 11],
			"rotation": {"angle": -45, "axis": "z", "origin": [4.5, 4.75, 8]},
			"faces": {
				"north": {"uv": [7.5, 9.5, 7.75, 11.5], "texture": "#0"},
				"east": {"uv": [6, 9.5, 7.5, 11.5], "texture": "#0"},
				"south": {"uv": [9.25, 9.5, 9.5, 11.5], "texture": "#0"},
				"west": {"uv": [7.75, 9.5, 9.25, 11.5], "texture": "#0"},
				"up": {"uv": [7.75, 9.5, 7.5, 6.5], "texture": "#0"},
				"down": {"uv": [8, 6.5, 7.75, 9.5], "texture": "#0"}
			}
		},
		{
			"name": "right_wing",
			"from": [12.5, 2.5, 5],
			"to": [13.5, 6.5, 11],
			"rotation": {"angle": 45, "axis": "z", "origin": [11.5, 4.75, 8]},
			"faces": {
				"north": {"uv": [7.5, 9.5, 7.75, 11.5], "texture": "#0"},
				"east": {"uv": [6, 9.5, 7.5, 11.5], "texture": "#0"},
				"south": {"uv": [9.25, 9.5, 9.5, 11.5], "texture": "#0"},
				"west": {"uv": [7.75, 9.5, 9.25, 11.5], "texture": "#0"},
				"up": {"uv": [7.75, 9.5, 7.5, 6.5], "texture": "#0"},
				"down": {"uv": [8, 6.5, 7.75, 9.5], "texture": "#0"}
			}
		},
		{
			"name": "left_leg",
			"from": [5, -3.25, 9],
			"to": [8, 1.75, 9],
			"rotation": {"angle": 0, "axis": "y", "origin": [8, -4.25, 8]},
			"faces": {
				"north": {"uv": [7.25, 1.5, 8, 4], "texture": "#0"},
				"east": {"uv": [7.25, 1.5, 7.25, 4], "texture": "#0"},
				"south": {"uv": [8, 1.5, 8.75, 4], "texture": "#0"},
				"west": {"uv": [8, 1.5, 8, 4], "texture": "#0"},
				"up": {"uv": [8, 1.5, 7.25, 1.5], "texture": "#0"},
				"down": {"uv": [8.75, 1.5, 8, 1.5], "texture": "#0"}
			}
		},
		{
			"name": "left_leg",
			"from": [5, -3.25, 6],
			"to": [8, -3.25, 9],
			"rotation": {"angle": 0, "axis": "y", "origin": [8, -4.25, 8]},
			"faces": {
				"north": {"uv": [8, 1.5, 8.75, 1.5], "texture": "#0"},
				"east": {"uv": [7.25, 1.5, 8, 1.5], "texture": "#0"},
				"south": {"uv": [9.5, 1.5, 10.25, 1.5], "texture": "#0"},
				"west": {"uv": [8.75, 1.5, 9.5, 1.5], "texture": "#0"},
				"up": {"uv": [8.75, 1.5, 8, 0], "texture": "#0"},
				"down": {"uv": [9.5, 0, 8.75, 1.5], "texture": "#0"}
			}
		},
		{
			"name": "right_leg",
			"from": [8, -3.25, 9],
			"to": [11, 1.75, 9],
			"rotation": {"angle": 0, "axis": "y", "origin": [8, -4.25, 8]},
			"faces": {
				"north": {"uv": [7.25, 1.5, 8, 4], "texture": "#0"},
				"east": {"uv": [7.25, 1.5, 7.25, 4], "texture": "#0"},
				"south": {"uv": [8, 1.5, 8.75, 4], "texture": "#0"},
				"west": {"uv": [8, 1.5, 8, 4], "texture": "#0"},
				"up": {"uv": [8, 1.5, 7.25, 1.5], "texture": "#0"},
				"down": {"uv": [8.75, 1.5, 8, 1.5], "texture": "#0"}
			}
		},
		{
			"name": "right_leg",
			"from": [8, -3.25, 6],
			"to": [11, -3.25, 9],
			"rotation": {"angle": 0, "axis": "y", "origin": [8, -4.25, 8]},
			"faces": {
				"north": {"uv": [7.25, 1.5, 8, 1.5], "texture": "#0"},
				"east": {"uv": [6.5, 1.5, 7.25, 1.5], "texture": "#0"},
				"south": {"uv": [8.75, 1.5, 9.5, 1.5], "texture": "#0"},
				"west": {"uv": [8, 1.5, 8.75, 1.5], "texture": "#0"},
				"up": {"uv": [8, 1.5, 7.25, 0], "texture": "#0"},
				"down": {"uv": [8.75, 0, 8, 1.5], "texture": "#0"}
			}
		}
	],
	"display": {},
	"groups": [
		{
			"name": "root",
			"origin": [8, 8, 8],
			"color": 0,
			"nbt": "{}",
			"children": [
				{
					"name": "head",
					"origin": [8, 9, 4],
					"color": 0,
					"nbt": "{}",
					"children": [0]
				},
				{
					"name": "bill",
					"origin": [8, 9, 4],
					"color": 0,
					"nbt": "{}",
					"children": [1]
				},
				{
					"name": "chin",
					"origin": [8, 9, 4],
					"color": 0,
					"nbt": "{}",
					"children": [2]
				},
				{
					"name": "body",
					"origin": [8, 8, 8],
					"color": 0,
					"nbt": "{}",
					"children": [3]
				},
				{
					"name": "left_wing",
					"origin": [4, 11, 8],
					"color": 0,
					"nbt": "{}",
					"children": [4]
				},
				{
					"name": "right_wing",
					"origin": [12, 11, 8],
					"color": 0,
					"nbt": "{}",
					"children": [5]
				},
				{
					"name": "left_leg",
					"origin": [7, 5, 9],
					"color": 0,
					"nbt": "{}",
					"children": [6, 7]
				},
				{
					"name": "right_leg",
					"origin": [10, 5, 9],
					"color": 0,
					"nbt": "{}",
					"children": [8, 9]
				}
			]
		}
	]
}