{"textures":{"0":"animated_java:item/scan_effect/scan_effect"},"elements":[{"from":[0,1,0],"to":[16,17,0],"faces":{"north":{"uv":[0,0,4,4],"texture":"#0"},"east":{"uv":[0,0,0,4],"texture":"#0"},"south":{"uv":[0,4,4,8],"texture":"#0"},"west":{"uv":[0,0,0,4],"texture":"#0"},"up":{"uv":[4,0,0,0],"texture":"#0"},"down":{"uv":[4,0,0,0],"texture":"#0"}}},{"from":[0,1,0],"to":[0,17,16],"faces":{"north":{"uv":[0,0,0,4],"texture":"#0"},"east":{"uv":[4,0,8,4],"texture":"#0"},"south":{"uv":[0,0,0,4],"texture":"#0"},"west":{"uv":[4,4,8,8],"texture":"#0"},"up":{"uv":[0,4,0,0],"texture":"#0"},"down":{"uv":[0,0,0,4],"texture":"#0"}}},{"from":[16,1,0],"to":[16,17,16],"faces":{"north":{"uv":[0,0,0,4],"texture":"#0"},"east":{"uv":[0,8,4,12],"texture":"#0"},"south":{"uv":[0,0,0,4],"texture":"#0"},"west":{"uv":[8,0,12,4],"texture":"#0"},"up":{"uv":[0,4,0,0],"texture":"#0"},"down":{"uv":[0,0,0,4],"texture":"#0"}}},{"from":[0,1,0],"to":[16,1,16],"faces":{"north":{"uv":[0,0,4,0],"texture":"#0"},"east":{"uv":[0,0,4,0],"texture":"#0"},"south":{"uv":[0,0,4,0],"texture":"#0"},"west":{"uv":[0,0,4,0],"texture":"#0"},"up":{"uv":[8,12,4,8],"texture":"#0"},"down":{"uv":[12,4,8,8],"texture":"#0"}}},{"from":[0,17,0],"to":[16,17,16],"faces":{"north":{"uv":[0,0,4,0],"texture":"#0"},"east":{"uv":[0,0,4,0],"texture":"#0"},"south":{"uv":[0,0,4,0],"texture":"#0"},"west":{"uv":[0,0,4,0],"texture":"#0"},"up":{"uv":[12,12,8,8],"texture":"#0"},"down":{"uv":[4,12,0,16],"texture":"#0"}}},{"from":[0,1,16],"to":[16,17,16],"faces":{"north":{"uv":[12,0,16,4],"texture":"#0"},"east":{"uv":[0,0,0,4],"texture":"#0"},"south":{"uv":[4,12,8,16],"texture":"#0"},"west":{"uv":[0,0,0,4],"texture":"#0"},"up":{"uv":[4,0,0,0],"texture":"#0"},"down":{"uv":[4,0,0,0],"texture":"#0"}}}],"display":{"head":{"rotation":[0,180,0]}}}