{
  "display": {
    "icon": {
      "id": "minecraft:stick",
      "count": 1,
      "components": {
        "minecraft:item_model": "minecraft:misc/playingcard"
      }
    },
    "title": {
      "translate": "mcm.secret.riverboat.title"
    },
    "description": {
      "translate": "mcm.secret.riverboat.description"
    },
    "frame": "challenge",
    "show_toast": true,
    "announce_to_chat": false,
    "hidden": false
  },
  "parent": "mcm:secrets/riverboat/root",
  "criteria": {
    "space": {
      "trigger": "minecraft:impossible"
    }
  }
}