{
  "criteria": {
    "requirement": {
      "trigger": "minecraft:player_interacted_with_entity",
      "conditions": {
        "entity": {
          "type": "minecraft:interaction",
          "nbt": "{Tags:[\"riverboat_card\", \"ace\"],response:true}"
        },
        "player" : {
          "equipment": {
            "mainhand": {
              "items": [
                "minecraft:air"
              ]
            }
          }
        }
      }
    }
  },
  "rewards" : {
    "function" : "mcm:maps/riverboat/pickup_ace"
  }
}