{
  "type": "entity",
  "pools": [
    {
      "rolls": 1,
      "entries": [
        {
          "type": "item",
          "name": "player_head",
          "functions": [
            {
              "function": "minecraft:set_components",
              "components": {
                "minecraft:profile": {
                  "id": [
                    -966406573,
                    1525526805,
                    -1764790185,
                    -938040342
                  ],
                  "properties": [
                    {
                      "name": "textures",
                      "value": "eyJ0ZXh0dXJlcyI6eyJTS0lOIjp7InVybCI6Imh0dHA6Ly90ZXh0dXJlcy5taW5lY3JhZnQubmV0L3RleHR1cmUvMTVhMjYzZDY1NTE2N2YwMDA4NTFhMDVhMTgzMTcyNmU3ZGI5ZTFmZjgzZDg3YzQyMzkzMmIzZTMxNzY5YWE4OSJ9fX0="
                    }
                  ]
                },
                "custom_data" : {
                  "grapes" : 1
                }
              }
            },
            {
              "function": "minecraft:set_name",
              "name": ["", {"translate":"mcm.vineyard.grapes","italic":false,"color":"dark_purple"}]
            }
          ]
        }
      ]
    }
  ]
}