{
  "type": "minecraft:entity",
  "pools": [
    {
      "rolls": 1.0,
      "bonus_rolls": 0.0,
      "entries": [
        {
          "type": "minecraft:item",
          "functions": [
            {
              "function": "minecraft:set_count",
              "count": {
                "type": "minecraft:uniform",
                "min": -0.1,
                "max": 2.1
              },
              "add": false
            },
            {
              "function": "minecraft:enchanted_count_increase",
              "count": {
                "type": "minecraft:uniform",
                "min": 0.0,
                "max": 1.0
              },
              "limit" : 1,
              "enchantment" : "minecraft:looting"
            }
          ],
          "name": "minecraft:golden_hoe"
        }
      ]
    }
  ]
}